Product_id,Brand Name,Product Name,Image URL,Selling Price,MRP Price,Discount Percentage,Rating,Comment / Review Count,Listing Type,Source Page
12027436,Levis,Solid Lounge T-shirt,"https://assets.myntassets.com/dpr_2,q_60,w_210,c_limit,fl_progressive/assets/images/12027436/2022/9/15/ea90445c-a37b-43ac-948b-8e291ec78dc31663221311972LevisMenWhiteSolidRoundNeckLoungeT-shirt1.jpg",577,649,11%,4.4,18.7k,Oragnic,Brand
9270895,Levis,Men Solid Innerwear Vest,"https://assets.myntassets.com/dpr_2,q_60,w_210,c_limit,fl_progressive/assets/images/9270895/2019/11/20/0bc64c1f-d959-4349-a786-e97aa88c83481574252461060-Levis-Cotton-Solid-Vest-Pack-Of-1-2411574252458918-1.jpg",289,329,12%,4.4,5k,Oragnic,Brand
14447636,Levis,Pack of 2 Assorted Trunks,"https://assets.myntassets.com/dpr_2,q_60,w_210,c_limit,fl_progressive/assets/images/14447636/2021/6/29/3be079e7-e8ec-4880-9232-536dd21a48a31624958015025-Mens-Solid-100-CA-003-Trunk-Pack-of-2-1611624958014623-1.jpg",433,578,25%,4.2,8.8k,AD,Brand
12027422,Levis,Solid Lounge T-shirt,"https://assets.myntassets.com/dpr_2,q_60,w_210,c_limit,fl_progressive/assets/images/12027422/2022/9/15/7a4e30f1-809f-4111-9991-6fd07d8832e21663221355704LevisMenCharcoalGreySolidRoundNeckLoungeT-shirts1.jpg",577,649,11%,4.4,18.7k,Oragnic,Brand
30143920,Levis,Printed Pure Cotton Boxers,"https://assets.myntassets.com/dpr_2,q_60,w_210,c_limit,fl_progressive/assets/images/30143920/2024/7/6/ed5f9119-a007-4deb-8fd6-9d26a25771ee1720266673940LevisPrintedPureCottonBoxersStyle023-SpeedSquares1.jpg",599,799,25%,4.3,1k,Oragnic,Brand
11870958,Levis,Men Solid Pure Cotton Boxers,"https://assets.myntassets.com/dpr_2,q_60,w_210,c_limit,fl_progressive/assets/images/11870958/2022/9/15/605da0d5-510a-45f3-9463-c851fa9b62931663221307222LevisMenGreySolidPureCottonBoxers0281.jpg",548,899,39%,4.4,5.6k,AD,Brand
9262939,Levis,Men Solid Briefs,"https://assets.myntassets.com/dpr_2,q_60,w_210,c_limit,fl_progressive/assets/images/9262939/2019/11/30/fa70dc50-905a-451c-a807-70bc1d518d7a1575090616186-Levis-Men-Grey-Melange-Solid-Briefs-BF-100CA-1PK-STYLE-009-3-1.jpg",209,249,16%,4.2,26.5k,Oragnic,Brand
32905216,Levis,Cotton Sweatshirt & Shorts,"https://assets.myntassets.com/dpr_2,q_60,w_210,c_limit,fl_progressive/assets/images/32905216/2025/5/15/bbfce980-6080-46fc-9732-0183118b84f21747294192776-Mens-Solid-Yellow-Crew-Neck-Co-ord-Set-9031747294192165-1.jpg",1364,3899,65%,4,15,Oragnic,Brand
12027372,Levis,Men Solid Pure Cotton Boxers,"https://assets.myntassets.com/dpr_2,q_60,w_210,c_limit,fl_progressive/assets/images/12027372/2022/9/15/c681feb5-590c-46b6-b9fb-2c30aa39d3291663221487305LevisMenBlueSolidPureCottonBoxers0281.jpg",548,899,39%,4.4,5.6k,AD,Brand
12032616,Levis,Smartskin Technology Trunks,"https://assets.myntassets.com/dpr_2,q_60,w_210,c_limit,fl_progressive/assets/images/12032616/2022/9/15/e80e1a30-ca42-4264-a8c6-1737724b9c441663221171104LevisMenNavySolidPureCottonTrunks001-BOXERBRIEF1.jpg",299,329,9%,4.3,9.9k,Oragnic,Brand
9263091,Levis,Men Neo Briefs,"https://assets.myntassets.com/dpr_2,q_60,w_210,c_limit,fl_progressive/assets/images/9263091/2022/9/15/b8d0ef44-9fae-40db-a20d-cf1551bb93ad1663221572330LevisMenBlackSolidPureCottonBriefsBF-100CA-1PK-STYLE-009-351.jpg",209,249,16%,4.2,26.5k,Oragnic,Brand
14461444,Levis,Men Assorted Solid Trunks,"https://assets.myntassets.com/dpr_2,q_60,w_210,c_limit,fl_progressive/assets/images/14461444/2021/6/30/05c2720f-d39d-4712-b40f-b16176f8f69c1625029775602-Mens-Solid-200-SF-018-Trunk-Pack-of-1-411625029775015-1.jpg",259,345,25%,4.1,726,AD,Brand
12027432,Levis,Solid Lounge T-shirt,"https://assets.myntassets.com/dpr_2,q_60,w_210,c_limit,fl_progressive/assets/images/12027432/2022/9/15/09d02049-216d-4adf-917a-89c7585b28f51663221482922LevisMenBlackSolidPureCottonRoundNeckLoungeT-shirt1.jpg",577,649,11%,4.4,18.7k,Oragnic,Brand
9270955,Levis,Men Solid Innerwear Vest,"https://assets.myntassets.com/dpr_2,q_60,w_210,c_limit,fl_progressive/assets/images/9270955/2024/11/20/2d8e5fae-dbe6-40b4-8f03-5105959880801732090077668-Levis-012-Classic-Vest-for-Men-with-Side-Branding-Comfort--S-1.jpg",248,279,11%,4.4,10.5k,Oragnic,Brand
10723244,Levis,Men Solid Thermal Bottoms,"https://assets.myntassets.com/dpr_2,q_60,w_210,c_limit,fl_progressive/assets/images/10723244/2020/11/12/934bd264-36a8-4771-ae2f-261bd7a4538f1605161681486-Levis-Men-Black-Solid-Thermal-Bottoms-221605161679495-1.jpg",569,949,40%,4.3,3.9k,AD,Brand
32078664,Levis,Men Slim Straight Fit Jeans,"https://assets.myntassets.com/dpr_2,q_60,w_210,c_limit,fl_progressive/assets/images/32078664/2025/2/14/7b0aeb7f-a613-42b4-b20d-53b6b440a3901739518276854-Mens-513-Slim-Straight-Fit-Charcoal-Grey-Jeans-2217395182763-1.jpg",1409,2999,53%,4.2,194,Oragnic,Brand
35552316,Levis,Men 511 Slim Fit Jeans,"https://assets.myntassets.com/dpr_2,q_60,w_210,c_limit,fl_progressive/assets/images/2025/AUGUST/13/DdtWSSqI_669f1bd977af4431b8d70390d12c9241.jpg",1359,3399,60%,4.3,46,Oragnic,Brand
11933056,Levis,Men Checked Boxers,"https://assets.myntassets.com/dpr_2,q_60,w_210,c_limit,fl_progressive/assets/images/11933056/2020/10/15/6315c644-2751-4dc8-926a-f88db70bf3cd1602765878020-Levis-Men-Blue-Checked-Boxers-STYLE-024A-5721602765875105-1.jpg",499,649,23%,4.4,4k,AD,Brand
12027418,Levis,Solid Lounge T-shirt,"https://assets.myntassets.com/dpr_2,q_60,w_210,c_limit,fl_progressive/assets/images/12027418/2022/9/15/b5f7623a-cc63-43b2-bed7-1ad9ab3070921663221186524LevisMenNavyBlueSolidRoundNeckLoungeT-shirts1.jpg",577,649,11%,4.4,18.7k,Oragnic,Brand
26436538,Levis,Men Checked Backpack- 17 Ltr,"https://assets.myntassets.com/dpr_2,q_60,w_210,c_limit,fl_progressive/assets/images/26436538/2024/1/17/719a232f-f915-4165-9360-2c9892f4dffa1705493301719LevisMenCheckedBackpack-35Ltr1.jpg",839,1999,58%,4.5,775,Oragnic,Brand
14451144,Levis,Men Cotton Solid Boxers,"https://assets.myntassets.com/dpr_2,q_60,w_210,c_limit,fl_progressive/assets/images/14451144/2021/6/29/21a6572a-f206-4406-8d83-4544661b2eeb1624950630658-Levis-Men-Boxers-5231624950629952-1.jpg",487,749,35%,4.2,325,AD,Brand
35665810,Levis,Loose Pure Cotton Co-Ords,"https://assets.myntassets.com/dpr_2,q_60,w_210,c_limit,fl_progressive/assets/images/2025/AUGUST/22/YumlrEkI_57374ad5881e4cf3953f9f4a705fdb58.jpg",1839,4599,60%,5,11,Oragnic,Brand
9262443,Levis,Men Pack of 2 Neo Briefs,"https://assets.myntassets.com/dpr_2,q_60,w_210,c_limit,fl_progressive/assets/images/9262443/2022/9/15/5352c32c-da3c-4341-baaf-42a49f8427811663221324037LevisMenPackof2BriefsBF-100CA-2PK1.jpg",397,479,17%,4.2,57.9k,Oragnic,Brand
10723240,Levis,Men Thermal Bottoms,"https://assets.myntassets.com/dpr_2,q_60,w_210,c_limit,fl_progressive/assets/images/10723240/2020/11/12/e8340bc6-21cf-4362-847c-18988d7b41801605161721201-Levis-Men-Charcoal-Grey-Solid-Thermal-Bottoms-87516051617194-1.jpg",569,949,40%,4.3,3.9k,AD,Brand
25756906,Levis,Pure Cotton Slim Casual Shirt,"https://assets.myntassets.com/dpr_2,q_60,w_210,c_limit,fl_progressive/assets/images/25756906/2024/2/5/b908a832-fd3c-44ee-8f47-caab62b024db1707128901916-Levis-Men-Shirts-6091707128901549-1.jpg",879,2199,60%,4.4,1.2k,Oragnic,Brand
35552263,Levis,Men 505 Straight Fit Jeans,"https://assets.myntassets.com/dpr_2,q_60,w_210,c_limit,fl_progressive/assets/images/2025/AUGUST/12/5qDttw94_f0307bd9361e4222baee1041be62fbb7.jpg",1399,3499,60%,4.4,261,Oragnic,Brand
36999706,Levis,Pack Of 3 Ankle Length Socks,"https://assets.myntassets.com/dpr_2,q_60,w_210,c_limit,fl_progressive/assets/images/2025/OCTOBER/14/acMea6IF_e3624883f5dc48fb80478d12d4fc7d3d.jpg",399,549,27%,4.5,109,AD,Brand
9262607,Levis,Pack of 2 Cotton Briefs,"https://assets.myntassets.com/dpr_2,q_60,w_210,c_limit,fl_progressive/assets/images/9262607/2022/9/15/ab1b8745-50ef-4a4a-8f7a-88ff4ce46acc1663221574173LevisMenPackof2CottonBriefsBF-100CA-2PK1.jpg",397,479,17%,4.2,57.9k,Oragnic,Brand
35665812,Levis,Typography Printed Co-ords,"https://assets.myntassets.com/dpr_2,q_60,w_210,c_limit,fl_progressive/assets/images/2025/AUGUST/29/271lup3v_670e5c38bbe34ff2a0f8a4b7025f8ad7.jpg",1639,4099,60%,4.4,25,Oragnic,Brand
35549254,Levis,Pure Cotton Slim Fit T-shirt,"https://assets.myntassets.com/dpr_2,q_60,w_210,c_limit,fl_progressive/assets/images/2025/AUGUST/12/5JkAVTf8_2bad0813b7f14f36b00abceb8c01a492.jpg",759,1899,60%,4.5,96,AD,Brand
32588864,Puma,Skyrocket Lite Running Shoes,"https://assets.myntassets.com/dpr_2,q_60,w_210,c_limit,fl_progressive/assets/images/32588864/2025/2/5/1c559611-e3e6-4427-b2e8-e0ec0defe8a31738762112054-Puma-Skyrocket-Lite-Unisex-Running-Shoes-241738762111572-1.jpg",2999,4999,40%,4.3,297,AD,Brand
19150592,Puma,Cricket Square Men Shoes,"https://assets.myntassets.com/dpr_2,q_60,w_210,c_limit,fl_progressive/assets/images/2025/SEPTEMBER/26/SQWeywfI_2a0f70016f164e9daa8e336b2f19165c.jpg",2499,4999,50%,4.2,4k,AD,Brand
33990083,Puma,Printed Two Fold Wallet,"https://assets.myntassets.com/dpr_2,q_60,w_210,c_limit,fl_progressive/assets/images/2025/MAY/7/xm25bLB2_4d7d35fe342d4f758f7adf1e911f8e6e.jpg",899,1799,50%,4.6,134,Oragnic,Brand
38056198,Puma,Essentials Baseball Cap,"https://assets.myntassets.com/dpr_2,q_60,w_210,c_limit,fl_progressive/assets/images/2025/NOVEMBER/18/KI2Xr5hy_d0881e5b13b942abbffe7179c46b41d7.jpg",269,599,55%,4.5,97,Oragnic,Brand
27454732,Puma,Women Printed Sliders,"https://assets.myntassets.com/dpr_2,q_60,w_210,c_limit,fl_progressive/assets/images/27454732/2025/2/5/1633b363-bba4-4c1e-a5c5-0bde27c1212f1738761383418-Puma-Women-Silvia-V4-Printed-Sliders-6601738761382947-1.jpg",959,1999,52%,4.3,349,AD,Brand
25815668,Puma,Leather Cruise Bi-Fold Wallet,"https://assets.myntassets.com/dpr_2,q_60,w_210,c_limit,fl_progressive/assets/images/25815668/2023/11/9/351fabff-55e1-43f7-a332-24c9a0bdfcbb1699534357001PUMALeatherCruiseWalletV21.jpg",1399,1999,30%,4.5,1.8k,Oragnic,Brand
36653153,Puma,Men Outdoor Sports Shorts,"https://assets.myntassets.com/dpr_2,q_60,w_210,c_limit,fl_progressive/assets/images/2025/SEPTEMBER/3/1YLWUw1H_a652d543af1241b4b4045c7897820288.jpg",869,1499,42%,4.2,186,Oragnic,Brand
29533744,Puma,Wave Women Flip-Flops,"https://assets.myntassets.com/dpr_2,q_60,w_210,c_limit,fl_progressive/assets/images/2025/SEPTEMBER/27/TGaYlI89_acdd8aa83bbb4daa8fbaa143f6615a7e.jpg",999,1999,50%,4.5,3k,AD,Brand
13341874,Puma,Running Unisex Cap,"https://assets.myntassets.com/dpr_2,q_60,w_210,c_limit,fl_progressive/assets/images/productimage/2020/12/30/f8c6a054-d69d-43df-bb44-eef640c9dd1c1609323035266-1.jpg",359,799,55%,4.3,46.1k,Oragnic,Brand
36674139,Puma,Softride Harli Hybrid Shoes,"https://assets.myntassets.com/dpr_2,q_60,w_210,c_limit,fl_progressive/assets/images/2025/SEPTEMBER/23/G6Z1ubxR_4031122acfea4e2a8690532df788e8e2.jpg",2099,5999,65%,4.6,78,Oragnic,Brand
17824064,Puma,Wave Flip Flip-Flops,"https://assets.myntassets.com/dpr_2,q_60,w_210,c_limit,fl_progressive/assets/images/2025/SEPTEMBER/26/nLERKggY_696a03854cc0480182e1dc153c4a24d2.jpg",899,1999,55%,4.3,17.1k,AD,Brand
35360811,Puma,Academy Portable Bag,"https://assets.myntassets.com/dpr_2,q_60,w_210,c_limit,fl_progressive/assets/images/2025/JULY/4/nVYFFFzd_a5aefca6cb6c472992bd7c93890e933a.jpg",649,1299,50%,3.6,169,Oragnic,Brand
36653150,Puma,Men Outdoor Sports Shorts,"https://assets.myntassets.com/dpr_2,q_60,w_210,c_limit,fl_progressive/assets/images/2025/SEPTEMBER/3/vJ7fEuBs_1fe02975ca0949dc8be252f54a93778a.jpg",869,1499,42%,4.3,100,Oragnic,Brand
32380417,Puma,Cricket Strike Men Shoes,"https://assets.myntassets.com/dpr_2,q_60,w_210,c_limit,fl_progressive/assets/images/2025/SEPTEMBER/27/NR7TQKiE_04fef9ee0c044c52872383e89d6410f5.jpg",2024,4499,55%,4.4,955,AD,Brand
25815666,Puma,Leather Embossed Wallets,"https://assets.myntassets.com/dpr_2,q_60,w_210,c_limit,fl_progressive/assets/images/25815666/2023/11/9/4271a29c-059d-4828-8a25-b488676db49d1699534368513PUMALeatherEmbossedWallet1.jpg",799,1999,60%,4.4,778,Oragnic,Brand
36513870,Puma,Essentials Knitted Sweatpants,"https://assets.myntassets.com/dpr_2,q_60,w_210,c_limit,fl_progressive/assets/images/2025/AUGUST/21/GgMQZVWh_6177dbf7cb4a45caa94c409d6f5ed02d.jpg",839,2799,70%,4.6,655,Oragnic,Brand
15312354,Puma,Galaxy Comfort Men Flip-Flop,"https://assets.myntassets.com/dpr_2,q_60,w_210,c_limit,fl_progressive/assets/images/2025/SEPTEMBER/26/zHwrIjN5_94322caa094a4851aef70695c790159d.jpg",999,1999,50%,4.1,6.1k,AD,Brand
35220689,Puma,Women Stride Lite Running Shoe,"https://assets.myntassets.com/dpr_2,q_60,w_210,c_limit,fl_progressive/assets/images/35220689/2025/7/21/009424f7-4bdd-41be-957b-12ab2ae31b451753091095866-Puma-Stride-Lite-Womens-Comfortable-Running-Shoes-1175309109-1.jpg",2099,5999,65%,4.4,73,Oragnic,Brand
34536443,Puma,Women Softride Vital Move Shoe,"https://assets.myntassets.com/dpr_2,q_60,w_210,c_limit,fl_progressive/assets/images/2025/MAY/29/Kfn9JRNd_cd950044af4f43f9b7099324da54dc9b.jpg",1854,5299,65%,4.5,153,Oragnic,Brand
27953916,Puma,Court Shatter Low Sneakers,"https://assets.myntassets.com/dpr_2,q_60,w_210,c_limit,fl_progressive/assets/images/2025/SEPTEMBER/26/3vRwqirM_e8f995157389456ab69372ecdbece247.jpg",2579,5999,57%,4.5,12.6k,AD,Brand
25815664,Puma,Leather Plain Bi-Fold Wallet,"https://assets.myntassets.com/dpr_2,q_60,w_210,c_limit,fl_progressive/assets/images/25815664/2023/11/9/667710c1-0fb1-4ea6-ba0f-7a8f273cdd5e1699534379815PUMALeatherPlainWallet1.jpg",1379,2299,40%,4.5,2.2k,Oragnic,Brand
32436684,Puma,Women Skinny-Fit Cotton Tights,"https://assets.myntassets.com/dpr_2,q_60,w_210,c_limit,fl_progressive/assets/images/2025/JANUARY/23/0qeI280D_ed3fca26e6424f6aa5f8af3a3983e45b.jpg",629,1799,65%,3.9,632,Oragnic,Brand
39289485,PUMA Motorsport,BMW MMS Drift Cat Sneakers,"https://assets.myntassets.com/dpr_2,q_60,w_210,c_limit,fl_progressive/assets/images/2026/JANUARY/10/LYvcmMwL_969818d68ac24c6b83e35f06424f7d68.jpg",3119,7999,61%,4,22,AD,Brand
36461836,Puma,Badminton Smash Sprint Shoes,"https://assets.myntassets.com/dpr_2,q_60,w_210,c_limit,fl_progressive/assets/images/2025/SEPTEMBER/26/98zY8Gnf_1b6bf6acc3da42e38d9fa43fb1a32dcd.jpg",1899,4999,62%,4.3,12.9k,Oragnic,Brand
13341878,Puma,Running Unisex Cap,"https://assets.myntassets.com/dpr_2,q_60,w_210,c_limit,fl_progressive/assets/images/13341878/2024/12/9/91563c95-904c-47b2-a47c-876ad16572ac1733728032463-Puma-Unisex-Black-Solid-Baseball-Cap-8691733728032051-1.jpg",319,799,60%,4.3,46.1k,Oragnic,Brand
29534000,Puma,Softride Super Men Slides,"https://assets.myntassets.com/dpr_2,q_60,w_210,c_limit,fl_progressive/assets/images/2025/SEPTEMBER/26/5A4qvHgf_1b6e66c3b0974d3d8b154242a601a271.jpg",1749,3499,50%,4.5,4.5k,AD,Brand
31602842,Puma,Softride Mayve Running Shoes,"https://assets.myntassets.com/dpr_2,q_60,w_210,c_limit,fl_progressive/assets/images/2024/NOVEMBER/12/U8fkYw0s_4c080f71cdb24bd1ad6cf77e1eb5c8e7.jpg",1924,5499,65%,4.4,243,Oragnic,Brand
34357445,Puma,Men Drycell Slim Fit Jogger,"https://assets.myntassets.com/dpr_2,q_60,w_210,c_limit,fl_progressive/assets/images/2025/OCTOBER/18/Y5fHDCwi_023fbb05f82d411aa563fcc3532a80a2.jpg",1099,1999,45%,3.8,110,Oragnic,Brand
31084424,Puma,Darter Pro Fade Running Shoes,"https://assets.myntassets.com/dpr_2,q_60,w_210,c_limit,fl_progressive/assets/images/2025/NOVEMBER/4/4G0kXVCa_830549e1a001463d9d9af11b9f1d7465.jpg",5199,7999,35%,4.3,304,AD,Brand
38047965,Puma,Phase Reliable Backpack,"https://assets.myntassets.com/dpr_2,q_60,w_210,c_limit,fl_progressive/assets/images/2025/NOVEMBER/18/gZUuSukx_e554fcf3420143588ee77f8d7ab0d6f4.jpg",599,1499,60%,4.5,352,Oragnic,Brand
34955475,Nike,3 Next Nature Workout Shoes,"https://assets.myntassets.com/dpr_2,q_60,w_210,c_limit,fl_progressive/assets/images/2025/JUNE/16/DN0gbXke_65aaed74e93543cda25016a08ba141f2.jpg",3497,4995,30%,4.1,4.2k,AD,Brand
34807146,Nike,3 Next Nature Workout Shoes,"https://assets.myntassets.com/dpr_2,q_60,w_210,c_limit,fl_progressive/assets/images/2025/JUNE/9/MYOt8vIL_0406e7b5ad3844528ef6864a954ada1c.jpg",3497,4995,30%,4.4,241,AD,Brand
34807140,Nike,Women Lace-Up Workout Shoes,"https://assets.myntassets.com/dpr_2,q_60,w_210,c_limit,fl_progressive/assets/images/2025/JUNE/9/7GJO8mm2_da8e01546f8e4d778ae743fbbdfc29e7.jpg",3497,4995,30%,4.2,236,Oragnic,Brand
35548277,Nike,Unisex Heritage 2.0 Tote Bag,"https://assets.myntassets.com/dpr_2,q_60,w_210,c_limit,fl_progressive/assets/images/2025/JULY/11/gaFz5v2O_2be46ce478374df3bf78a07e61196621.jpg",1607,2295,30%,5,5,Oragnic,Brand
38160198,Nike,Road-Running Shoes,"https://assets.myntassets.com/dpr_2,q_60,w_210,c_limit,fl_progressive/assets/images/2025/NOVEMBER/22/os45mVno_994d7011ff2f4148a3fa8ff46aa98b40.jpg",3995,3995,0,4.4,35,AD,Brand
38362903,Nike,Women's Road Running Shoes,"https://assets.myntassets.com/dpr_2,q_60,w_210,c_limit,fl_progressive/assets/images/2025/DECEMBER/2/1XmpNPEp_b8bec4c29ecc47b78aacfa231a0b9e17.jpg",3995,3995,0,4.3,11,Oragnic,Brand
35026476,Nike,Brasilia Training Duffel Bag,"https://assets.myntassets.com/dpr_2,q_60,w_210,c_limit,fl_progressive/assets/images/2025/JUNE/17/C9H6FMqf_5165a4caba41444ea762026ae4563359.jpg",1996,2495,20%,4.6,235,Oragnic,Brand
33477860,Nike,Run Defy Running Shoes,"https://assets.myntassets.com/dpr_2,q_60,w_210,c_limit,fl_progressive/assets/images/2025/APRIL/4/35tsxYXy_39ef113ec33f4c39a2d89953bc5be3f8.jpg",3995,3995,0,4.4,1.4k,AD,Brand
38442267,Nike,Run Defy Women's Running Shoes,"https://assets.myntassets.com/dpr_2,q_60,w_210,c_limit,fl_progressive/assets/images/2025/DECEMBER/5/awBOPqn4_f5866ae4deee41e5a522d4bbc28224d3.jpg",3995,3995,0,0,0,Oragnic,Brand
36618653,Nike,Sportswear Futura 365 Backpack,"https://assets.myntassets.com/dpr_2,q_60,w_210,c_limit,fl_progressive/assets/images/2025/AUGUST/27/6CeZCTbh_48ca83676fd6420db8cbdb70a4bb9c97.jpg",1996,2495,20%,4.8,5,Oragnic,Brand
33477858,Nike,Run Defy Running Shoes,"https://assets.myntassets.com/dpr_2,q_60,w_210,c_limit,fl_progressive/assets/images/2025/APRIL/5/SunGIBXX_afb8a2eb146844bc8186cb021a2197c3.jpg",3995,3995,0,4.4,1.4k,AD,Brand
28304778,Nike,Academy Football Shoe Bag,"https://assets.myntassets.com/dpr_2,q_60,w_210,c_limit,fl_progressive/assets/images/28304778/2024/3/26/1a2e9ad8-ef6a-4c2c-bd88-735c76611ce31711453820931NikeAcademyFootballShoeBag1.jpg",995,995,0,4.8,337,Oragnic,Brand
38756810,Nike,Run Defy Men's Road-Shoes,"https://assets.myntassets.com/dpr_2,q_60,w_210,c_limit,fl_progressive/assets/images/2025/DECEMBER/18/1swYTrI0_3112ffc42e84485ba88939d2cc231925.jpg",3995,3995,0,4,6,Oragnic,Brand
31795783,Nike,Jordan Rise Structured Hat,"https://assets.myntassets.com/dpr_2,q_60,w_210,c_limit,fl_progressive/assets/images/2024/NOVEMBER/29/5hv7pNAm_d8c8de3436fa4e208ee816dd4a992b45.jpg",1195,1195,0,4.4,28,AD,Brand
36619104,Nike,Run Defy Women Running Shoes,"https://assets.myntassets.com/dpr_2,q_60,w_210,c_limit,fl_progressive/assets/images/2025/AUGUST/27/WMtW7xku_65137d561ce340ada84c48b648146cf0.jpg",3995,3995,0,0,0,Oragnic,Brand
38362890,Nike,Women's Road Running Shoes,"https://assets.myntassets.com/dpr_2,q_60,w_210,c_limit,fl_progressive/assets/images/2025/DECEMBER/2/TP6FSDRv_d6541b2a5a514c05b910828273a67304.jpg",3995,3995,0,4,6,Oragnic,Brand
34955453,Nike,Run Defy Road-Running Shoes,"https://assets.myntassets.com/dpr_2,q_60,w_210,c_limit,fl_progressive/assets/images/2025/JUNE/16/4O8FgFbo_fff677420ffa45139e623a35f8dc87b5.jpg",3596,3995,10%,4.4,1.4k,AD,Brand
33144110,Nike,Heritage 2.0 Tote Bag (22L),"https://assets.myntassets.com/dpr_2,q_60,w_210,c_limit,fl_progressive/assets/images/2025/MARCH/13/q7JoJxcJ_5b832574fa4c4470824743affb6fc3dc.jpg",1995,1995,0,4.3,24,Oragnic,Brand
38214603,Nike,Club Kids' Unstructured Cap,"https://assets.myntassets.com/dpr_2,q_60,w_210,c_limit,fl_progressive/assets/images/2025/NOVEMBER/24/7xQgmnuC_e7263bace07048e9b098385266701f63.jpg",795,795,0,0,0,Oragnic,Brand
38941768,Nike,Swoosh Medium-Support Bra,"https://assets.myntassets.com/dpr_2,q_60,w_210,c_limit,fl_progressive/assets/images/2025/DECEMBER/26/7MDf7IYX_4d1aa2afb7884a43abea2f3d03bae896.jpg",2345,2495,6%,5,6,AD,Brand
38756819,Nike,Run Defy Men's Running Shoes,"https://assets.myntassets.com/dpr_2,q_60,w_210,c_limit,fl_progressive/assets/images/2025/DECEMBER/18/pYTg3HJF_f86962bfdea14574a0e7ce2bb2f04b96.jpg",3995,3995,0,4.2,9,Oragnic,Brand
36619556,Nike,Brasilia 9.5 Duffel Bag,"https://assets.myntassets.com/dpr_2,q_60,w_210,c_limit,fl_progressive/assets/images/2025/AUGUST/26/ZODPwFwO_36887afda9054aadb51b369a7b5a2fd1.jpg",1836,2295,20%,5,21,Oragnic,Brand
38904583,Nike,Jordan Sport Men's Shorts,"https://assets.myntassets.com/dpr_2,q_60,w_210,c_limit,fl_progressive/assets/images/2025/DECEMBER/24/kdkfEEH2_f5250f5b5621457eab0770d1b28fa108.jpg",2345,2495,6%,4.4,8,AD,Brand
35012842,Nike,Brand Logo Sports Backpack,"https://assets.myntassets.com/dpr_2,q_60,w_210,c_limit,fl_progressive/assets/images/2025/JUNE/18/geNuZh55_4e9a53febc8147b387ac60898ccb7760.jpg",1397,1995,30%,4.4,1.3k,Oragnic,Brand
30753887,Nike,Academy Football Gymsack (18L),"https://assets.myntassets.com/dpr_2,q_60,w_210,c_limit,fl_progressive/assets/images/2024/AUGUST/30/O0Td3iGk_923c0419195e419ba1e6fc92ae0485a8.jpg",895,895,0,4.6,225,Oragnic,Brand
24218930,Nike,Men Dri-FIT Sports Tights,"https://assets.myntassets.com/dpr_2,q_60,w_210,c_limit,fl_progressive/assets/images/24218930/2023/7/27/46d3fafb-46f9-4edc-8a5e-b3d0b440a91d1690435248518NikeDri-FITUniversaWomensMedium-SupportMid-Rise20cmapproxSho1.jpg",1499,1595,6%,4.7,696,AD,Brand
38362902,Nike,Women's Road Running Shoes,"https://assets.myntassets.com/dpr_2,q_60,w_210,c_limit,fl_progressive/assets/images/2025/DECEMBER/2/I1NVAKgs_72925d71181b48e28edfd1681390d23d.jpg",3995,3995,0,4.6,5,Oragnic,Brand
25205556,Nike,Revolution 7 Sports Shoes,"https://assets.myntassets.com/dpr_2,q_60,w_210,c_limit,fl_progressive/assets/images/2025/MARCH/4/jb9pxasm_a0e2b3b1ed3447e6a924eadf6da26191.jpg",3695,3695,0,4.5,1.6k,Oragnic,Brand
24265840,Nike,Men Dri-FIT Fitness Tights,"https://assets.myntassets.com/dpr_2,q_60,w_210,c_limit,fl_progressive/assets/images/24265840/2023/7/31/0ad8bc18-e28d-439f-9ee2-4284ce56b12a1690779441960ASMNPDFTIGHT1.jpg",1875,1995,6%,4.7,655,AD,Brand
34022440,Nike,Older Kids' Sports Bra,"https://assets.myntassets.com/dpr_2,q_60,w_210,c_limit,fl_progressive/assets/images/2025/MAY/9/Wbp6z3WE_d709322efb9b4a4794a087161277f1ab.jpg",777,1295,40%,4.1,37,Oragnic,Brand
34230731,ADIDAS,Round Neck Sweatshirt,"https://assets.myntassets.com/dpr_2,q_60,w_210,c_limit,fl_progressive/assets/images/34230731/2025/8/5/a2964c93-712c-4c74-b651-4d157401ba0a1754373310481-ADIDAS-Brand-Logo-Detail-Round-Neck-Sweatshirt-6381754373310-1.jpg",999,2299,57%,4.2,292,AD,Brand
30936968,ADIDAS,3 Striped Woven Track Suit,"https://assets.myntassets.com/dpr_2,q_60,w_210,c_limit,fl_progressive/assets/images/30936968/2024/11/6/9dce56b9-d7b2-4c1b-8cc0-44651a1e6eda1730889871401-ADIDAS-Men-Tracksuits-9141730889870896-1.jpg",2959,3999,26%,3.7,392,AD,Brand
38664894,ADIDAS,Kids Amblish 1.0 Walking Shoes,"https://assets.myntassets.com/dpr_2,q_60,w_210,c_limit,fl_progressive/assets/images/2026/JANUARY/29/0Gv3GKOJ_5c37e91250134576961bcd7f80b96524.jpg",1493,1799,17%,4.4,9,Oragnic,Brand
16357228,ADIDAS,Pack of 3 Low-Cut Socks,"https://assets.myntassets.com/dpr_2,q_60,w_210,c_limit,fl_progressive/assets/images/16357228/2021/12/3/fec85cde-977f-4b7e-a6a9-66d83e603f831638526226919AdidasWomensPackof3Low-CutSocks1.jpg",382,449,15%,4.3,1.4k,Oragnic,Brand
37547729,ADIDAS,Jacket with Track Pants,"https://assets.myntassets.com/dpr_2,q_60,w_210,c_limit,fl_progressive/assets/images/2025/NOVEMBER/21/GJGz6klK_2cd5e8fb7eaa409dba69012109683339.jpg",3349,4999,33%,4,68,AD,Brand
34010046,ADIDAS,Men Flaze Mode Running Shoes,"https://assets.myntassets.com/dpr_2,q_60,w_210,c_limit,fl_progressive/assets/images/2025/OCTOBER/15/zwYZ9rjX_e2f4ffe1ab2e4b7a8c9fcdbdc757b50c.jpg",2299,4599,50%,4.2,38,Oragnic,Brand
21287360,ADIDAS,Men Pack Of 5 Ankle-Length Socks,"https://assets.myntassets.com/dpr_2,q_60,w_210,c_limit,fl_progressive/assets/images/21287360/2022/12/23/f135cf6c-5326-4aac-b965-d02a85b589611671789913546ADIDASMenPackOf5Ankle-LengthSocks1.jpg",479,599,20%,4.4,1.3k,Oragnic,Brand
30777657,ADIDAS,3S Plain Jacket with Joggers,"https://assets.myntassets.com/dpr_2,q_60,w_210,c_limit,fl_progressive/assets/images/30777657/2024/12/18/4fa96b66-d77a-4bc3-a375-b0fd471d1ad61734525889569-ADIDAS-Men-Tracksuits-9541734525888755-1.jpg",2599,3999,35%,4.5,222,AD,Brand
16881118,ADIDAS,Men 3 Ankle-Length Socks,"https://assets.myntassets.com/dpr_2,q_60,w_210,c_limit,fl_progressive/assets/images/16881118/2022/1/19/8e0b266e-9c99-4ece-88c0-b5549abc39101642602613703AdidasMensPackof3AnkleLength-Socks1.jpg",367,399,8%,4.4,15.1k,Oragnic,Brand
32355656,ADIDAS,Men Cricup 23 Shoes,"https://assets.myntassets.com/dpr_2,q_60,w_210,c_limit,fl_progressive/assets/images/32355656/2025/3/4/39502816-0759-466f-837c-44fc2b493f401741078996968-ADIDAS-Men-Cricup-23-Shoes-8801741078996715-1.jpg",2255,4799,53%,4.2,162,Oragnic,Brand
30106062,ADIDAS,Women Aeroready Track Suits,"https://assets.myntassets.com/dpr_2,q_60,w_210,c_limit,fl_progressive/assets/images/30106062/2024/9/14/8f80ccef-b099-4a8b-83a6-2a7c2c5128c11726296347772-ADIDAS-Women-Tracksuits-2021726296347035-1.jpg",2439,3999,39%,4.4,166,AD,Brand
24171836,ADIDAS,Girls BOS TTOP Sweatshirt,"https://assets.myntassets.com/dpr_2,q_60,w_210,c_limit,fl_progressive/assets/images/24171836/2023/9/29/6741a5a9-be3b-44b4-878b-9a08f2672a321695977227651-ADIDAS-Girls-Tops-3821695977227333-1.jpg",1263,1599,21%,4.6,46,Oragnic,Brand
16881114,ADIDAS,Men Pack of 3 Socks,"https://assets.myntassets.com/dpr_2,q_60,w_210,c_limit,fl_progressive/assets/images/16881114/2022/1/19/b85d5b8e-98fb-4987-8dc5-6830d982885f1642602619612AdidasMensPackof3AnkleLength-Socks1.jpg",478,549,13%,4.4,2.3k,Oragnic,Brand
30106059,ADIDAS,3S Plain Training Tracksuit,"https://assets.myntassets.com/dpr_2,q_60,w_210,c_limit,fl_progressive/assets/images/30106059/2024/11/23/ac9d6b51-c0d0-49b9-bb1d-1bddfb6591b21732339636335-ADIDAS-Women-Tracksuits-5251732339635628-1.jpg",2989,4599,35%,4.4,274,AD,Brand
38664954,ADIDAS,Kids Ambroll 1.0 Walking Shoes,"https://assets.myntassets.com/dpr_2,q_60,w_210,c_limit,fl_progressive/assets/images/2026/JANUARY/29/uGmNBNhr_b86900f6d2c644e684ac745b221e9eb9.jpg",1908,2299,17%,0,0,Oragnic,Brand
16525336,ADIDAS,Pack of 3 Low-Cut Socks,"https://assets.myntassets.com/dpr_2,q_60,w_210,c_limit,fl_progressive/assets/images/16525336/2021/12/15/c15f9b5c-7013-4b00-87b2-6cda483712441639564502659AdidasUnisexPackof3Low-CutSocks1.jpg",478,549,13%,4.3,4.8k,Oragnic,Brand
30106060,ADIDAS,Women Aeroready Tracksuits,"https://assets.myntassets.com/dpr_2,q_60,w_210,c_limit,fl_progressive/assets/images/30106060/2024/9/26/88ff73eb-b377-4313-ac48-da30b8eea07a1727344125226-ADIDAS-Women-Tracksuits-3861727344124431-1.jpg",2439,3999,39%,4.5,174,AD,Brand
38622818,ADIDAS,Men Runsolid 2 Running Shoes,"https://assets.myntassets.com/dpr_2,q_60,w_210,c_limit,fl_progressive/assets/images/2026/JANUARY/20/xD1FsUp5_04dd83967ea44d87b8e06a76622487a4.jpg",3471,5599,38%,0,0,Oragnic,Brand
29885320,ADIDAS,Men Duramo SL Running Shoes,"https://assets.myntassets.com/dpr_2,q_60,w_210,c_limit,fl_progressive/assets/images/29885320/2024/11/25/1bc83905-ff7c-458b-b756-e49b0aefd8db1732517087250-ADIDAS-Men-Sports-Shoes-9361732517086868-1.jpg",3365,6599,49%,4.2,80,Oragnic,Brand
30777000,ADIDAS,3 Stripes Training Jacket,"https://assets.myntassets.com/dpr_2,q_60,w_210,c_limit,fl_progressive/assets/images/30777000/2024/11/14/1609db01-8388-403b-8420-dc27d40dab391731573303021-ADIDAS-Women-Jackets-9101731573302592-1.jpg",2129,2999,29%,4.7,398,AD,Brand
29021366,ADIDAS,Men CLOUDFOAM GO LOUNGER,"https://assets.myntassets.com/dpr_2,q_60,w_210,c_limit,fl_progressive/assets/images/29021366/2024/6/7/a3fc58aa-08a0-46d6-bfc2-6eda6395edc51717752928508-ADIDAS-Men-Woven-Design-Mould-2-Lounger-Walking-Shoes-484171-1.jpg",3359,5999,44%,3.9,434,Oragnic,Brand
24172700,ADIDAS,Kids Linear Printed T-shirt,"https://assets.myntassets.com/dpr_2,q_60,w_210,c_limit,fl_progressive/assets/images/24172700/2025/5/27/1a353c69-f955-488b-81a1-380b8d1de2831748334899633-ADIDAS-Unisex-Kids-Tshirts-8541748334899231-1.jpg",755,1199,37%,4.5,38,Oragnic,Brand
35842902,ADIDAS,Own The Run Zip Sweatshirt,"https://assets.myntassets.com/dpr_2,q_60,w_210,c_limit,fl_progressive/assets/images/2025/JULY/19/MHgHPRyF_8b6c4b08e233400680c8f50429118d15.jpg",2439,3999,39%,4.5,19,AD,Brand
34009976,ADIDAS,Men Light Edge Force Running,"https://assets.myntassets.com/dpr_2,q_60,w_210,c_limit,fl_progressive/assets/images/2025/OCTOBER/27/chQ3gbWw_10bfa84016a7485081383d5c51c47cd6.jpg",2799,5599,50%,4.6,43,Oragnic,Brand
33180349,ADIDAS,Men BREAKNET 2.0 IKD Tennis,"https://assets.myntassets.com/dpr_2,q_60,w_210,c_limit,fl_progressive/assets/images/33180349/2025/4/24/5fb36406-5c24-4369-b87e-74ba12110c0b1745470505506-ADIDAS-Men-Sports-Shoes-8851745470505127-1.jpg",2579,5999,57%,4.5,323,Oragnic,Brand
30926351,ADIDAS,Strip Sleeves Sweatshirt,"https://assets.myntassets.com/dpr_2,q_60,w_210,c_limit,fl_progressive/assets/images/30926351/2024/11/26/fd40700a-94e5-4663-bc9b-cdaef02557721732623052382-ADIDAS-Women-Sweatshirts-8431732623051884-1.jpg",1709,2999,43%,4.7,43,AD,Brand
38747071,ADIDAS,Kids Adi Trend 1.0C Walk Shoes,"https://assets.myntassets.com/dpr_2,q_60,w_210,c_limit,fl_progressive/assets/images/2026/JANUARY/20/8SVPSpvC_4963c2b584cf421699daf576a05201fd.jpg",1908,2299,17%,3.9,8,Oragnic,Brand
28273270,ADIDAS,Unisex Gym Linear Duffel Bag,"https://assets.myntassets.com/dpr_2,q_60,w_210,c_limit,fl_progressive/assets/images/2024/AUGUST/28/sjihnzSz_db7dea5849f84438be93c6336716ab18.jpg",1379,2299,40%,4.1,170,Oragnic,Brand
36657481,ADIDAS,Embroidered Sweatshirt,"https://assets.myntassets.com/dpr_2,q_60,w_210,c_limit,fl_progressive/assets/images/2025/OCTOBER/27/juVB7eEr_f58cd17082844652bf8b379a9c0a26d6.jpg",2199,3999,45%,3.8,5,AD,Brand
23131152,ADIDAS,Women AVAFLASH LOW Tennis Shoe,"https://assets.myntassets.com/dpr_2,q_60,w_210,c_limit,fl_progressive/assets/images/23131152/2023/8/24/30b798ab-c07f-44e3-8e22-4e5b89ce9abe1692858940510-ADIDAS-Women-Sports-Shoes-2571692858940321-1.jpg",2399,8999,73%,4.1,134,Oragnic,Brand
29494070,HRX by Hrithik Roshan,Men Pack Of 5 Ankle Socks,"https://assets.myntassets.com/dpr_2,q_60,w_210,c_limit,fl_progressive/assets/images/29494070/2024/8/28/4945638c-5ffc-4b8e-b8c1-a96a61c7e8651724845060651-HRX-by-Hrithik-Roshan-Men-Pack-Of-5-Ankle-Length-Socks-62617-1.jpg",370,1499,Rs. 1129,4.5,8.6k,AD,Brand
23598780,HRX by Hrithik Roshan,Women Lifestyle Track Pants,"https://assets.myntassets.com/dpr_2,q_60,w_210,c_limit,fl_progressive/assets/images/23598780/2023/9/27/fd1fe35f-def6-450d-ba35-5e4a04094e4b1695824149023-HRX-by-Hrithik-Roshan-Women-Solid-Lifestyle-Track-Pants-6021-1.jpg",439,999,56%,4.1,1.7k,AD,Brand
28297408,HRX by Hrithik Roshan,Rapid-Dry Sports Tracksuit,"https://assets.myntassets.com/dpr_2,q_60,w_210,c_limit,fl_progressive/assets/images/28297408/2024/4/2/9b8e026f-b059-4e68-8038-21a9c1157c6a1712048320048-HRX-by-Hrithik-Roshan-Men-Tracksuits-9201712048319467-1.jpg",1332,4299,Rs. 2967,3.8,1.4k,Oragnic,Brand
32093861,HRX by Hrithik Roshan,HRX-235 03 Mesh Running Shoes,"https://assets.myntassets.com/dpr_2,q_60,w_210,c_limit,fl_progressive/assets/images/32093861/2024/12/26/6f3cc854-679c-4f53-83dd-68c0e5a254521735211019360SportsShoes1.jpg",879,3999,Rs. 3120,4.1,2k,Oragnic,Brand
22941186,HRX by Hrithik Roshan,Pack Of 3 Ankle Length Socks,"https://assets.myntassets.com/dpr_2,q_60,w_210,c_limit,fl_progressive/assets/images/2024/AUGUST/26/BHUlU1bO_170daea8a6a144d9ba51d242caabfec4.jpg",267,1099,Rs. 832,4.3,5k,AD,Brand
2311895,HRX by Hrithik Roshan,Men Square Sunglasses,"https://assets.myntassets.com/dpr_2,q_60,w_210,c_limit,fl_progressive/assets/images/2311895/2018/5/24/40e222b7-a2c8-4a4f-ae10-ee7b5e80a4181527154081660-HRX-by-Hrithik-Roshan-Men-Square-Sunglasses-MFB-PN-CY-80249-2521527154081627-1.jpg",1220,3299,63%,4.2,1k,Oragnic,Brand
23532226,HRX by Hrithik Roshan,Pack of 3 Ankle Sports Socks,"https://assets.myntassets.com/dpr_2,q_60,w_210,c_limit,fl_progressive/assets/images/2024/AUGUST/26/pWGyhJV2_4035fa20f53e46539b8a5cd87d72dbe6.jpg",299,1099,73%,4.5,5.9k,Oragnic,Brand
31614777,HRX by Hrithik Roshan,Striped Rapid-dry Gym T-shirt,"https://assets.myntassets.com/dpr_2,q_60,w_210,c_limit,fl_progressive/assets/images/31614777/2025/3/26/71972eb9-5732-4e55-8d99-0f743eb1a4e41742977338088-HRX-by-Hrithik-Roshan-Men-Tshirts-4381742977337565-1.jpg",339,999,66%,4.3,142,AD,Brand
27040010,HRX by Hrithik Roshan,Women Pack of 3 Socks,"https://assets.myntassets.com/dpr_2,q_60,w_210,c_limit,fl_progressive/assets/images/27040010/2024/1/21/0c6e5830-2af0-41ee-94ee-d1486fab32f21705848142699HRXbyHrithikRoshanMenPackOf3PatternedAnkle-LengthSocks1.jpg",249,599,58%,4.4,194,Oragnic,Brand
27865966,HRX by Hrithik Roshan,Women Running Shoes,"https://assets.myntassets.com/dpr_2,q_60,w_210,c_limit,fl_progressive/assets/images/27865966/2024/2/26/6a2d0164-bd08-4ccb-af9e-f6d698b1a40e1708942203677SportsShoes1.jpg",959,3999,Rs. 3040,4.3,1.9k,Oragnic,Brand
30659486,HRX by Hrithik Roshan,Rapid-Dry Training T-shirt,"https://assets.myntassets.com/dpr_2,q_60,w_210,c_limit,fl_progressive/assets/images/30659486/2024/12/5/507a36b2-79d2-4263-a159-b8f104933b8b1733381616323-HRX-by-Hrithik-Roshan-Men-Tshirts-4921733381615825-1.jpg",455,1199,62%,4.3,247,AD,Brand
33801826,HRX by Hrithik Roshan,Men Solid Track Pant,"https://assets.myntassets.com/dpr_2,q_60,w_210,c_limit,fl_progressive/assets/images/33801826/2025/5/5/a67c532b-b4e6-46db-a5d2-5b31b86eb98e1746446462233-HRX-by-Hrithik-Roshan-Men-Track-Pants-861746446461441-1.jpg",584,1499,Rs. 915,3.9,3.2k,Oragnic,Brand
38839421,HRX by Hrithik Roshan,Women's Lifestyle Trackpant,"https://assets.myntassets.com/dpr_2,q_60,w_210,c_limit,fl_progressive/assets/images/2025/DECEMBER/20/8WNMVmF8_b1698cfb37fc46b0a9cd9580275181d1.jpg",649,1699,62%,4.1,25,Oragnic,Brand
32990303,HRX by Hrithik Roshan,Men Training Track Pants,"https://assets.myntassets.com/dpr_2,q_60,w_210,c_limit,fl_progressive/assets/images/32990303/2025/5/30/7628dc97-2e33-4909-b176-fdc7d4fe27321748594869397-HRX-by-Hrithik-Roshan-Men-Track-Pants-5601748594868581-1.jpg",495,1599,69%,4.1,107,AD,Brand
29553914,HRX by Hrithik Roshan,Unisex Back To School Shoes,"https://assets.myntassets.com/dpr_2,q_60,w_210,c_limit,fl_progressive/assets/images/29553914/2024/5/16/402e4e48-9020-4e59-a8bd-ae8f5e3aa3431715799849775HRXbyHrithikRoshanUnisexColourblockedSneakers1.jpg",924,3699,Rs. 2775,4.3,1.1k,Oragnic,Brand
39797533,HRX by Hrithik Roshan,Men Running Shoes,"https://assets.myntassets.com/dpr_2,q_60,w_210,c_limit,fl_progressive/assets/images/2026/FEBRUARY/3/I053uo9t_4010c5ad7c034db586c1b58e2639aef6.jpg",1999,6599,70%,0,0,Oragnic,Brand
21771858,HRX by Hrithik Roshan,Polo Collar Sports T-shirt,"https://assets.myntassets.com/dpr_2,q_60,w_210,c_limit,fl_progressive/assets/images/21771858/2023/7/13/2d926e62-f2c1-468e-ae6f-9d14bd1878041689240231547-HRX-by-Hrithik-Roshan-Men-Tshirts-841689240231190-1.jpg",431,1199,64%,4.1,928,AD,Brand
17281184,HRX by Hrithik Roshan,Women Solid Training Tights,"https://assets.myntassets.com/dpr_2,q_60,w_210,c_limit,fl_progressive/assets/images/17281184/2022/6/7/babb95ea-2b2f-4e58-a61d-acfcc98a0caa1654600589283-HRX-by-Hrithik-Roshan-Women-Tights-3231654600588559-2.jpg",519,1299,Rs. 780,4,6.7k,Oragnic,Brand
32085906,HRX by Hrithik Roshan,Unisex Running Shoes,"https://assets.myntassets.com/dpr_2,q_60,w_210,c_limit,fl_progressive/assets/images/32085906/2024/12/25/c61e92aa-9d16-4fd7-8cad-c100cf3560351735143905559UnisexComfortableRunningShoes1.jpg",869,2999,Rs. 2130,4.3,3.3k,Oragnic,Brand
31614934,HRX by Hrithik Roshan,Rapid-Dry Running T-shirt,"https://assets.myntassets.com/dpr_2,q_60,w_210,c_limit,fl_progressive/assets/images/31614934/2025/3/7/940383b2-fa03-4c64-901e-7034c28ce95f1741351576921-HRX-by-Hrithik-Roshan-Men-Tshirts-9071741351576202-1.jpg",407,1199,66%,4.1,162,AD,Brand
33726003,HRX by Hrithik Roshan,Women Lifestyle Track Pants,"https://assets.myntassets.com/dpr_2,q_60,w_210,c_limit,fl_progressive/assets/images/33726003/2025/6/11/1407d082-9282-4e87-a129-84b7970720551749614888755-HRX-by-Hrithik-Roshan-Women-Track-Pants-4001749614888075-1.jpg",696,1699,59%,4.1,207,Oragnic,Brand
10986444,HRX by Hrithik Roshan,Women Running Socks,"https://assets.myntassets.com/dpr_2,q_60,w_210,c_limit,fl_progressive/assets/images/10986444/2020/1/31/2a0d5da4-1273-45ae-b642-3b6fda1f15a91580472939327-HRX-by-Hrithik-Roshan-Women-Pack-of-3-Ankle-Length-Socks-381-1.jpg",279,699,60%,4.6,5.5k,Oragnic,Brand
33243807,HRX by Hrithik Roshan,Men Lifestyle Joggers,"https://assets.myntassets.com/dpr_2,q_60,w_210,c_limit,fl_progressive/assets/images/33243807/2025/6/17/d26a44b7-5e0e-4325-95e8-1c7ee5c9c8621750156133558-HRX-by-Hrithik-Roshan-Men-Track-Pants-6381750156132755-1.jpg",593,1799,67%,4.1,108,AD,Brand
35040904,HRX by Hrithik Roshan,Men Active Running Shoes,"https://assets.myntassets.com/dpr_2,q_60,w_210,c_limit,fl_progressive/assets/images/35040904/2025/7/7/7bcf625a-4615-48c7-9218-401c780ffcfa1751878874995-HRX-by-Hrithik-Roshan-Men-Mesh-Running-Non-Marking-Shoes-761-1.jpg",1399,6999,Rs. 5600,3.7,859,Oragnic,Brand
36264644,HRX by Hrithik Roshan,Men Sports Sandals,"https://assets.myntassets.com/dpr_2,q_60,w_210,c_limit,fl_progressive/assets/images/2025/AUGUST/7/Nbp8D5f7_bf5be83fa6ca4710979e9db8b104a0d7.jpg",554,3699,Rs. 3145,3.7,467,Oragnic,Brand
32990216,HRX by Hrithik Roshan,Men Rapid-Dry Running Joggers,"https://assets.myntassets.com/dpr_2,q_60,w_210,c_limit,fl_progressive/assets/images/32990216/2025/7/2/3e0d550a-acf0-43b0-a160-ca36defb11761751437162183-HRX-by-Hrithik-Roshan-Men-Track-Pants-7551751437161401-1.jpg",419,1399,70%,4,131,AD,Brand
23976344,HRX by Hrithik Roshan,Women Running Shoes,"https://assets.myntassets.com/dpr_2,q_60,w_210,c_limit,fl_progressive/assets/images/23976344/2023/7/11/cf6d6b67-186a-444a-a2a7-49afebad8a0c1689091586156HRXbyHrithikRoshanWomenOffWhiteMeshRunningNon-MarkingShoes1.jpg",987,3799,Rs. 2812,4.3,9.2k,Oragnic,Brand
29982397,HRX by Hrithik Roshan,Men Rubber Slip-On,"https://assets.myntassets.com/dpr_2,q_60,w_210,c_limit,fl_progressive/assets/images/2025/NOVEMBER/6/8zibiMeq_3e534293576843278f10cdebabe7e3f9.jpg",489,3499,Rs. 3010,4.2,19.6k,Oragnic,Brand
30702090,HRX by Hrithik Roshan,Rapid-Dry Track pants,"https://assets.myntassets.com/dpr_2,q_60,w_210,c_limit,fl_progressive/assets/images/30702090/2024/12/7/df3fbbc4-ea7f-4b6c-9a0e-c3cbfe94b74a1733563274452-HRX-by-Hrithik-Roshan-Men-Track-Pants-3001733563273716-1.jpg",559,1999,72%,3.9,203,AD,Brand
38833894,HRX by Hrithik Roshan,Men Running Track Pants,"https://assets.myntassets.com/dpr_2,q_60,w_210,c_limit,fl_progressive/assets/images/2026/JANUARY/15/JT4dDRzC_2164b4ac57a843eeb8b44c2ef88c547e.jpg",499,1499,67%,3.2,44,Oragnic,Brand
